Prp,Dsg,Avl,Shp,Grp,Use,D,B,T,W,BT,HW,K,K1,Dnom,Mass,A,Ix,Sx,Rx,Zx,Iy,Sy,Ry,Zy,J,Cw,Wn,Sw,Qf,Qw,SA,Ds_i,Dn_i,Wt_i
,,,,,,,,,,,,,,,,,10^6,10^3,,10^3,10^6,10^3,,10^3,10^3,10^9,,10^6,10^3,10^3,,,,
W: Wide-Flange Shapes,,,,,,mm,mm,mm,mm,,,mm,mm,mm,kg/m,mm^2,mm^4,mm^3,mm,mm^3,mm^4,mm^3,mm,mm^3,mm^4,mm^6,mm^2,mm^4,mm^3,mm^3,m,,in,lb/ft
*,W1100x499,*,1,,3,1118,405,45,25.9,4.5,39.7,67,33,1100,499,63400,12900,23100,452,26600,500,2470,88.8,3870,31000,144000,109000,495,4580,13200,3.8,W44x335,44,335
,W1100x433,*,1,,3,1108,402,40.1,22.1,5.01,46.5,62,31,1100,433,55300,11300,20400,452,23200,435,2170,88.7,3370,21400,124000,107000,433,4070,11500,3.78,W44x290,44,290
,W1100x390,*,1,,3,1100,400,36.1,20.1,5.54,51.1,58,30,1100,390,49900,10100,18300,450,20800,386,1930,87.9,3000,15700,109000,106000,384,3650,10300,3.76,W44x262,44,262
,W1100x343,*,1,,3,1090,400,31,18,6.45,57.1,53,29,1100,343,43600,8670,15900,446,18100,331,1660,87.1,2570,10300,92900,106000,328,3140,8940,3.74,W44x230,44,230
*,W1000x883,*,1,,3,1092,424,82,45.5,2.59,20.4,114,53,1000,883,113000,21000,38400,432,45300,1050,4950,96.6,7870,185000,268000,107000,931,7840,22500,3.79,W40x593,40,593
,W1000x748,*,1,,3,1068,417,70.1,39.1,2.97,23.7,102,50,1000,748,95500,17300,32500,426,37900,852,4090,94.5,6470,116000,212000,104000,760,6610,18800,3.73,W40x503,40,503
,W1000x642,*,1,,3,1048,412,59.9,34,3.44,27.3,91,47,1000,642,81700,14500,27700,421,32100,702,3410,92.7,5370,73500,171000,102000,628,5590,15900,3.68,W40x431,40,431
,W1000x591,*,1,,3,1040,409,55.9,31,3.66,29.9,87,46,1000,591,75300,13300,25600,421,29500,640,3130,92.2,4920,59000,155000,101000,575,5200,14600,3.65,W40x397,40,397
,W1000x554,*,1,,3,1032,408,52.1,29.5,3.92,31.5,84,45,1000,554,70700,12300,23900,418,27500,592,2900,91.5,4550,48600,142000,99900,531,4830,13600,3.64,W40x372,40,372
,W1000x539,*,1,,3,1030,407,51.1,28.4,3.98,32.7,83,44,1000,539,68700,12000,23400,418,26800,576,2830,91.6,4440,45300,138000,99600,518,4730,13200,3.63,W40x362,40,362
,W1000x483,*,1,,3,1020,404,46,25.4,4.39,36.5,78,43,1000,483,61500,10700,20900,417,23900,507,2510,90.8,3920,33100,120000,98400,457,4240,11800,3.61,W40x324,40,324
,W1000x443,*,1,,3,1012,402,41.9,23.6,4.8,39.3,73,42,1000,443,56400,9670,19100,414,21800,455,2260,89.8,3530,25400,107000,97500,411,3850,10700,3.58,W40x297,40,297
,W1000x412,*,1,,3,1008,402,40,21.1,5.03,44,72,41,1000,412,52500,9100,18100,416,20500,434,2160,90.9,3350,21400,102000,97300,391,3690,10100,3.58,W40x277,40,277
,W1000x371,*,1,,3,1000,400,36.1,19,5.54,48.8,68,40,1000,371,47300,8140,16300,415,18400,386,1930,90.3,2980,15900,89600,96400,348,3310,9000,3.56,W40x249,40,249
,W1000x321,*,1,,3,990,400,31,16.5,6.45,56.2,63,38,1000,321,40900,6960,14100,413,15800,331,1660,90,2550,10300,76100,95900,297,2850,7720,3.55,W40x215,40,215
,W1000x296,*,1,,3,982,400,27.1,16.5,7.38,56.2,59,38,1000,296,37800,6200,12600,405,14300,290,1450,87.6,2240,7640,66000,95500,259,2480,6950,3.53,W40x199,40,199
*,W1000x584,*,1,,3,1056,314,64,36.1,2.45,25.7,96,48,1000,584,74500,12500,23600,409,28100,334,2130,67,3480,71700,82300,77900,391,4410,13900,3.3,W40x392,40,392
,W1000x494,*,1,,3,1036,309,54,31,2.86,29.9,86,46,1000,494,62900,10300,19800,404,23400,268,1740,65.3,2820,44000,64700,75900,316,3690,11500,3.25,W40x331,40,331
,W1000x486,*,1,,3,1036,308,54.1,30,2.85,30.9,86,45,1000,486,61900,10200,19700,406,23200,266,1730,65.5,2790,42900,64100,75600,315,3690,11400,3.24,W40x327,40,327
,W1000x438,*,1,,3,1026,305,49,26.9,3.11,34.5,81,43,1000,438,55600,9090,17700,404,20700,234,1530,64.8,2460,31800,55700,74500,278,3330,10200,3.22,W40x294,40,294
,W1000x415,*,1,,3,1020,304,46,25.9,3.3,35.8,78,43,1000,415,52800,8520,16700,402,19500,217,1430,64.1,2300,27000,51500,74000,259,3110,9600,3.2,W40x278,40,278
,W1000x393,*,1,,3,1016,303,43.9,24.4,3.45,38,75,42,1000,393,50000,8080,15900,402,18500,205,1350,64,2170,23300,48400,73600,245,2970,9090,3.2,W40x264,40,264
,W1000x350,*,1,,3,1008,302,40,21.1,3.78,44,72,41,1000,350,44500,7230,14300,403,16600,185,1220,64.4,1940,17200,43200,73100,221,2720,8120,3.18,W40x235,40,235
,W1000x314,*,1,,3,1000,300,35.9,19.1,4.18,48.6,67,40,1000,314,40000,6440,12900,401,14900,162,1080,63.7,1710,12600,37700,72300,195,2430,7250,3.16,W40x211,40,211
,W1000x272,*,1,,3,990,300,31,16.5,4.84,56.2,63,38,1000,272,34700,5540,11200,400,12800,140,933,63.5,1470,8350,32200,71900,167,2110,6240,3.15,W40x183,40,183
,W1000x249,*,1,,3,980,300,26,16.5,5.77,56.2,58,38,1000,249,31700,4810,9820,390,11300,118,783,60.9,1240,5820,26700,71600,140,1760,5500,3.13,W40x167,40,167
,W1000x222,*,1,,3,970,300,21.1,16,7.11,58,53,38,1000,222,28300,4080,8410,380,9800,95.4,636,58.1,1020,3900,21500,71200,113,1420,4720,3.11,W40x149,40,149
*,W920x1191,*,1,,3,1081,457,109,60.5,2.1,14.3,141,60,920,1191,152000,27000,49900,421,59900,1750,7660,107,12200,440000,413000,111000,1380,10500,29800,3.87,W36x800,36,800
,W920x970,*,1,,3,1043,446,89.9,50,2.48,17.3,121,55,920,970,124000,21000,40300,412,47700,1340,6000,104,9500,246000,304000,106000,1070,8480,23800,3.77,W36x652,36,652
,W920x787,*,1,,3,1011,437,73.9,40.9,2.96,21.1,105,50,920,787,100000,16500,32600,405,38100,1030,4730,101,7430,136000,227000,102000,827,6860,18900,3.69,W36x529,36,529
,W920x725,*,1,,3,999,434,68.1,38.1,3.19,22.6,100,49,920,725,92500,15000,29900,402,34800,932,4300,100,6740,107000,202000,101000,746,6270,17300,3.66,W36x487,36,487
,W920x656,*,1,,3,987,431,62,34.5,3.48,25,94,47,920,656,83700,13400,27100,400,31400,831,3850,99.6,6030,80700,178000,99700,666,5680,15600,3.63,W36x441,36,441
,W920x588,*,1,,3,976,427,55.9,31,3.82,27.9,87,46,920,588,75000,11900,24300,398,28000,728,3410,98.5,5310,59100,154000,98200,586,5090,13900,3.6,W36x395,36,395
,W920x537,*,1,,3,965,425,51.1,28.4,4.16,30.4,83,44,920,537,68400,10700,22200,395,25300,656,3090,97.9,4800,45300,137000,97100,527,4630,12600,3.57,W36x361,36,361
,W920x491,*,1,,3,957,422,47,25.9,4.49,33.3,79,43,920,491,62500,9700,20300,394,23100,590,2800,97.2,4340,35100,122000,96000,476,4240,11400,3.55,W36x330,36,330
,W920x449,*,1,,3,948,423,42.7,24,4.95,35.9,74,42,920,449,57300,8780,18500,391,21000,540,2550,97,3950,26800,111000,95700,432,3860,10400,3.54,W36x302,36,302
,W920x420,*,1,,3,943,422,39.9,22.5,5.29,38.4,71,41,920,420,53600,8170,17300,390,19600,501,2370,96.7,3670,22000,102000,95300,401,3600,9700,3.53,W36x282,36,282
,W920x390,*,1,,3,936,420,36.6,21.3,5.74,40.5,68,41,920,390,49600,7450,15900,388,18000,453,2160,95.5,3330,17300,91600,94400,363,3280,8890,3.51,W36x262,36,262
,W920x368,*,1,,3,931,419,34.3,20.3,6.11,42.5,66,40,920,368,46700,6960,14900,386,16900,421,2010,94.9,3110,14500,84700,93900,337,3070,8330,3.5,W36x247,36,247
,W920x344,*,1,,3,927,418,32,19.3,6.53,44.7,64,40,920,344,43900,6480,14000,384,15800,390,1870,94.3,2880,11900,78100,93500,313,2850,7780,3.49,W36x231,36,231
*,W920x381,*,1,,3,951,310,43.9,24.4,3.53,35.4,66,33,920,381,48600,6970,14700,379,17000,219,1410,67.1,2240,22000,45100,70300,239,2840,8440,3.09,W36x256,36,256
,W920x345,*,1,,3,943,308,39.9,22.1,3.86,39.1,62,31,920,345,44000,6260,13300,377,15300,195,1270,66.6,2000,16500,39800,69500,214,2580,7610,3.07,W36x232,36,232
,W920x313,*,1,,3,932,309,34.5,21.1,4.48,40.9,56,31,920,313,39800,5480,11800,371,13600,170,1100,65.4,1750,11600,34300,69300,185,2230,6750,3.06,W36x210,36,210
,W920x289,*,1,,3,927,308,32,19.4,4.81,44.5,54,30,920,289,36800,5050,10900,370,12600,156,1020,65.2,1600,9230,31300,68900,170,2070,6220,3.05,W36x194,36,194
,W920x271,*,1,,3,923,307,30,18.4,5.12,46.9,52,30,920,271,34600,4720,10200,369,11800,145,946,64.8,1490,7700,28900,68500,158,1930,5830,3.04,W36x182,36,182
,W920x253,*,1,,3,919,306,27.9,17.3,5.48,49.9,50,29,920,253,32300,4380,9520,368,11000,134,874,64.3,1370,6270,26500,68200,145,1790,5420,3.03,W36x170,36,170
,W920x238,*,1,,3,915,305,25.9,16.5,5.89,52.3,48,29,920,238,30400,4060,8880,366,10200,123,806,63.6,1270,5150,24300,67800,134,1660,5050,3.02,W36x160,36,160
,W920x223,*,1,,3,911,304,23.9,15.9,6.36,54.3,46,28,920,223,28600,3770,8270,363,9540,112,738,62.7,1160,4220,22100,67400,122,1530,4700,3.01,W36x150,36,150
,W920x201,*,1,,3,903,304,20.1,15.2,7.56,56.8,42,28,920,201,25600,3250,7200,356,8360,94.4,621,60.7,982,2910,18400,67100,103,1280,4110,2.99,W36x135,36,135
*,W840x576,*,1,,3,913,411,57.9,32,3.55,24.9,79,36,840,576,73400,10100,22200,371,25600,672,3270,95.7,5100,61700,123000,87900,523,4690,12700,3.41,W33x387,33,387
,W840x527,*,1,,3,903,409,53.1,29.5,3.85,27,75,35,840,527,67300,9150,20300,369,23300,607,2970,95,4620,47800,110000,86900,472,4280,11600,3.38,W33x354,33,354
,W840x473,*,1,,3,893,406,48,26.4,4.23,30.2,70,33,840,473,60400,8130,18200,367,20800,537,2640,94.3,4100,35100,95800,85800,418,3850,10300,3.36,W33x318,33,318
,W840x433,*,1,,3,885,404,43.9,24.4,4.6,32.7,65,32,840,433,55300,7360,16600,365,18900,484,2390,93.5,3710,27000,85500,85000,377,3500,9400,3.34,W33x291,33,291
,W840x392,*,1,,3,877,401,39.9,22.1,5.03,36.1,61,31,840,392,50000,6600,15000,363,17000,430,2140,92.7,3310,20300,75300,83900,336,3160,8450,3.31,W33x263,33,263
,W840x359,*,1,,3,868,403,35.6,21.1,5.66,37.8,57,31,840,359,45800,5920,13600,359,15400,389,1930,92.1,2980,15100,67400,83900,301,2830,7650,3.31,W33x241,33,241
,W840x329,*,1,,3,862,401,32.4,19.7,6.19,40.5,54,30,840,329,42000,5360,12400,357,14000,349,1740,91.1,2690,11600,60000,83200,270,2560,6950,3.29,W33x221,33,221
,W840x299,*,1,,3,855,400,29.2,18.2,6.85,43.8,51,29,840,299,38200,4800,11200,355,12700,312,1560,90.4,2410,8660,53200,82600,241,2300,6270,3.27,W33x201,33,201
*,W840x251,*,1,,3,859,292,31,17,4.71,46.9,53,29,840,251,31900,3860,9000,348,10300,129,884,63.6,1380,7350,22100,60400,137,1760,5100,2.85,W33x169,33,169
,W840x226,*,1,,3,851,294,26.8,16.1,5.49,49.5,49,28,840,226,28900,3400,7990,343,9160,114,774,62.8,1210,5140,19300,60600,119,1530,4530,2.85,W33x152,33,152
,W840x210,*,1,,3,846,293,24.4,15.4,6,51.8,46,28,840,210,26800,3110,7340,340,8430,103,700,61.8,1100,4050,17300,60200,108,1390,4160,2.83,W33x141,33,141
,W840x193,*,1,,3,840,292,21.7,14.7,6.73,54.2,44,28,840,193,24700,2780,6630,336,7620,90.3,618,60.5,971,3050,15100,59700,94.6,1230,3760,2.82,W33x130,33,130
,W840x176,*,1,,3,835,292,18.8,14,7.77,57,41,27,840,176,22400,2460,5900,331,6810,78.2,536,59.1,844,2220,13000,59600,81.8,1070,3350,2.81,W33x118,33,118
*,W760x582,*,1,,3,843,396,62,34.5,3.19,20.8,84,37,760,582,74300,8620,20400,341,23800,644,3250,93.2,5080,72200,98300,77300,475,4380,11800,3.2,W30x391,30,391
,W760x531,*,1,,3,833,393,56.9,31.5,3.45,22.8,78,36,760,531,67700,7770,18600,339,21600,578,2940,92.4,4580,55600,87000,76300,426,3990,10700,3.18,W30x357,30,357
,W760x484,*,1,,3,823,390,52.1,29,3.74,24.8,74,35,760,484,61800,6990,17000,336,19500,517,2650,91.4,4120,42800,76800,75200,382,3620,9700,3.15,W30x326,30,326
,W760x434,*,1,,3,813,387,47,25.9,4.12,27.8,69,33,760,434,55300,6190,15200,334,17400,455,2350,90.7,3650,31300,66800,74100,337,3250,8640,3.12,W30x292,30,292
,W760x389,*,1,,3,803,385,41.9,23.6,4.59,30.5,63,32,760,389,49600,5450,13600,332,15500,399,2070,89.8,3210,22500,57800,73300,295,2880,7660,3.1,W30x261,30,261
,W760x350,*,1,,3,795,382,38.1,21.1,5.01,34.1,60,31,760,350,44600,4870,12200,330,13900,355,1860,89.1,2870,16800,50800,72300,263,2600,6870,3.08,W30x235,30,235
,W760x314,*,1,,3,786,384,33.4,19.7,5.75,36.5,55,30,760,314,40200,4290,10900,327,12300,316,1640,88.7,2540,11800,44700,72200,232,2290,6100,3.07,W30x211,30,211
,W760x284,*,1,,3,779,382,30.1,18,6.35,39.9,52,29,760,284,36300,3830,9820,325,11100,280,1470,87.9,2260,8750,39300,71500,206,2050,5470,3.05,W30x191,30,191
,W760x257,*,1,,3,773,381,27.1,16.6,7.03,43.3,49,28,760,257,32900,3430,8880,323,9970,250,1310,87.2,2020,6510,34800,71000,183,1840,4920,3.04,W30x173,30,173
*,W760x220,*,1,,3,779,266,30,16.5,4.43,43.6,52,29,760,220,28100,2780,7140,315,8190,94.4,710,58,1110,6050,13200,49800,99.4,1400,4050,2.59,W30x148,30,148
,W760x196,*,1,,3,770,268,25.4,15.6,5.28,46.1,47,28,760,196,25100,2400,6240,309,7170,81.7,610,57.1,959,4040,11300,49900,84.9,1190,3540,2.58,W30x132,30,132
,W760x185,*,1,,3,766,267,23.6,14.9,5.66,48.2,45,28,760,185,23500,2230,5820,308,6690,75.1,563,56.5,884,3330,10300,49600,78.1,1100,3300,2.57,W30x124,30,124
,W760x173,*,1,,3,762,267,21.6,14.4,6.18,49.9,43,28,760,173,22100,2060,5400,305,6210,68.7,515,55.7,810,2690,9420,49400,71.3,1010,3070,2.56,W30x116,30,116
,W760x161,*,1,,3,758,266,19.3,13.8,6.89,52.1,41,27,760,161,20400,1860,4900,302,5660,60.7,457,54.5,720,2070,8280,49100,63,899,2790,2.55,W30x108,30,108
,W760x147,*,1,,3,753,265,17,13.2,7.79,54.5,39,27,760,147,18700,1660,4410,298,5100,52.9,399,53.1,631,1560,7160,48800,54.9,788,2510,2.54,W30x99,30,99
,W760x134,*,1,,3,750,264,15.5,11.9,8.52,60.4,37,26,760,134,17000,1500,4010,297,4630,47.7,361,53,568,1180,6430,48500,49.6,718,2270,2.53,W30x90,30,90
*,W690x802,*,1,,3,826,387,89.9,50,2.15,12.9,112,45,690,802,102000,10600,25700,322,30900,875,4520,92.5,7150,206000,119000,71200,619,5580,15400,3.1,W27x539,27,539
,W690x548,*,1,,3,772,372,63,35.1,2.95,18.4,85,38,690,548,69900,6730,17400,310,20400,543,2920,88.1,4570,70700,68200,65900,386,3760,10100,2.96,W27x368,27,368
,W690x500,*,1,,3,762,369,57.9,32,3.19,20.2,80,36,690,500,63800,6060,15900,308,18500,487,2640,87.4,4110,54600,60300,65000,347,3430,9190,2.94,W27x336,27,336
,W690x457,*,1,,3,752,367,53.1,29.5,3.46,21.9,75,35,690,457,58400,5470,14500,306,16800,439,2390,86.7,3720,42300,53600,64100,312,3130,8350,2.91,W27x307,27,307
,W690x419,*,1,,3,744,364,49,26.9,3.71,24,71,34,690,419,53400,4950,13300,305,15300,395,2170,86,3370,33000,47700,63200,282,2870,7600,2.89,W27x281,27,281
,W690x384,*,1,,3,736,362,45,24.9,4.02,25.9,67,33,690,384,49000,4490,12200,303,14000,357,1970,85.3,3050,25700,42600,62500,255,2620,6930,2.87,W27x258,27,258
,W690x350,*,1,,3,728,360,40.9,23.1,4.4,28,63,32,690,350,44700,4030,11100,300,12600,319,1770,84.4,2740,19500,37600,61800,228,2370,6260,2.85,W27x235,27,235
,W690x323,*,1,,3,722,359,38.1,21.1,4.71,30.6,60,31,690,323,41300,3710,10300,300,11700,294,1640,84.4,2530,15700,34400,61400,210,2200,5780,2.84,W27x217,27,217
,W690x289,*,1,,3,714,356,34,19,5.24,34,56,30,690,289,36800,3260,9140,298,10300,256,1440,83.4,2220,11200,29600,60500,183,1950,5110,2.81,W27x194,27,194
,W690x265,*,1,,3,706,358,30.2,18.4,5.93,35.1,52,30,690,265,33800,2920,8270,294,9330,231,1290,82.7,1990,8340,26400,60500,163,1730,4610,2.81,W27x178,27,178
,W690x240,*,1,,3,701,356,27.4,16.8,6.5,38.5,49,29,690,240,30700,2630,7490,292,8430,206,1160,82,1790,6270,23400,60000,146,1570,4160,2.79,W27x161,27,161
,W690x217,*,1,,3,695,355,24.8,15.4,7.16,41.9,47,28,690,217,27900,2360,6790,291,7610,185,1040,81.5,1610,4720,20800,59500,131,1410,3750,2.78,W27x146,27,146
*,W690x192,*,1,,3,702,254,27.9,15.5,4.55,41.7,50,28,690,192,24400,1980,5640,285,6460,76.4,602,56,941,4620,8680,42800,75.8,1120,3200,2.39,W27x129,27,129
,W690x170,*,1,,3,693,256,23.6,14.5,5.42,44.5,45,28,690,170,21600,1700,4910,280,5620,66.2,517,55.3,809,3050,7410,42800,64.7,954,2780,2.38,W27x114,27,114
,W690x152,*,1,,3,688,254,21.1,13.1,6.02,49.3,43,27,690,152,19400,1510,4380,279,5000,57.8,455,54.6,710,2200,6420,42300,56.7,847,2470,2.37,W27x102,27,102
,W690x140,*,1,,3,684,254,18.9,12.4,6.72,52.1,41,27,690,140,17800,1360,3980,276,4550,51.7,407,53.9,636,1670,5720,42200,50.7,759,2240,2.36,W27x94,27,94
,W690x125,*,1,,3,678,253,16.3,11.7,7.76,55.2,38,26,690,125,16000,1190,3500,272,4010,44.1,349,52.5,546,1180,4830,41900,43.1,651,1970,2.34,W27x84,27,84
*,W610x551,*,1,,3,711,347,69.1,38.6,2.51,14.8,91,40,610,551,70200,5570,15700,282,18600,484,2790,83,4380,83800,49900,55700,334,3420,9280,2.73,W24x370,24,370
,W610x498,*,1,,3,699,343,63,35.1,2.72,16.3,85,38,610,498,63500,4950,14200,279,16700,426,2480,81.9,3890,63200,43100,54500,295,3080,8310,2.7,W24x335,24,335
,W610x455,*,1,,3,689,340,57.9,32,2.94,17.9,80,36,610,455,57900,4440,12900,277,15100,381,2240,81.1,3500,48800,37900,53600,264,2810,7530,2.67,W24x306,24,306
,W610x415,*,1,,3,679,338,53.1,29.5,3.18,19.4,75,35,610,415,52900,4000,11800,275,13700,343,2030,80.5,3160,37700,33600,52900,237,2560,6830,2.65,W24x279,24,279
,W610x372,*,1,,3,669,335,48,26.4,3.49,21.7,70,34,610,372,47400,3530,10600,273,12200,302,1800,79.8,2800,27700,29100,52000,209,2300,6080,2.63,W24x250,24,250
,W610x341,*,1,,3,661,333,43.9,24.4,3.79,23.5,66,33,610,341,43400,3180,9630,271,11100,271,1630,79,2520,21300,25800,51400,188,2090,5510,2.61,W24x229,24,229
,W610x307,*,1,,3,653,330,39.9,22.1,4.14,25.9,62,31,610,307,39100,2840,8690,269,9930,240,1450,78.2,2240,15900,22500,50600,166,1880,4940,2.58,W24x207,24,207
,W610x285,*,1,,3,647,329,37.1,20.6,4.43,27.8,59,31,610,285,36300,2610,8060,268,9170,221,1340,77.9,2070,12800,20500,50200,153,1740,4570,2.57,W24x192,24,192
,W610x262,*,1,,3,641,327,34,19,4.81,30.2,56,30,610,262,33300,2360,7360,266,8350,198,1210,77.2,1870,9900,18300,49600,138,1590,4150,2.55,W24x176,24,176
,W610x241,*,1,,3,635,329,31,17.9,5.31,32,53,29,610,241,30800,2150,6780,264,7670,184,1120,77.4,1730,7700,16800,49700,127,1460,3810,2.55,W24x162,24,162
,W610x217,*,1,,3,628,328,27.7,16.5,5.92,34.7,50,29,610,217,27800,1910,6070,262,6850,163,995,76.7,1530,5600,14700,49200,112,1290,3400,2.54,W24x146,24,146
,W610x195,*,1,,3,622,327,24.4,15.4,6.7,37.2,46,28,610,195,24900,1680,5400,260,6070,142,871,75.6,1340,3970,12700,48900,97.4,1140,3020,2.52,W24x131,24,131
,W610x174,*,1,,3,616,325,21.6,14,7.52,40.9,43,27,610,174,22200,1470,4780,257,5360,124,761,74.7,1170,2800,10900,48300,84.8,998,2660,2.5,W24x117,24,117
,W610x155,*,1,,3,611,324,19,12.7,8.53,45.1,41,27,610,155,19700,1290,4220,256,4730,108,666,73.9,1020,1950,9450,48000,73.8,875,2340,2.49,W24x104,24,104
*,W610x153,*,1,,3,623,229,24.9,14,4.6,40.9,47,27,610,153,19600,1250,4020,253,4600,50,437,50.5,682,2950,4470,34200,48.8,800,2280,2.13,W24x103,24,103
,W610x140,*,1,,3,617,230,22.2,13.1,5.18,43.7,44,27,610,140,17900,1120,3630,250,4150,45.1,392,50.3,613,2180,3990,34200,43.7,716,2060,2.13,W24x94,24,94
,W610x125,*,1,,3,612,229,19.6,11.9,5.84,48.1,41,26,610,125,15900,985,3220,249,3670,39.3,343,49.7,535,1540,3450,33900,38.1,630,1820,2.12,W24x84,24,84
,W610x113,*,1,,3,608,228,17.3,11.2,6.59,51.2,39,26,610,113,14400,875,2880,246,3290,34.3,300,48.7,469,1120,2990,33700,33.2,554,1630,2.11,W24x76,24,76
,W610x101,*,1,,3,603,228,14.9,10.5,7.65,54.6,37,26,610,101,13000,764,2530,243,2900,29.5,259,47.7,404,781,2550,33500,28.5,476,1430,2.1,W24x68,24,68
,W610x91,+,1,,3,598,227,12.7,9.7,8.94,59,35,25,610,91,11500,657,2200,239,2520,24.8,219,46.5,342,531,2120,33200,23.9,404,1240,2.08,W24x61,24,61
,W610x84,+,1,,3,596,226,11.7,9,9.66,63.6,34,25,610,84,10600,603,2020,239,2320,22.6,200,46.2,311,420,1920,33000,21.8,371,1140,2.08,W24x56,24,56
*,W610x92,*,1,,3,603,179,15,10.9,5.97,52.6,37,25,610,92,11800,651,2160,235,2530,14.4,161,34.9,259,738,1250,26300,17.7,371,1240,1.9,W24x62,24,62
,W610x82,*,1,,3,599,178,12.8,10,6.95,57.3,34,25,610,82,10500,565,1880,232,2210,12.1,136,34,219,510,1040,26100,14.9,315,1080,1.89,W24x55,24,55
*,W530x300,*,1,,3,585,319,41.4,23.1,3.85,21.7,63,32,530,300,38200,2210,7550,241,8670,225,1410,76.7,2180,17000,16600,43400,143,1660,4320,2.4,W21x201,21,201
,W530x272,*,1,,3,577,318,37.6,21.1,4.23,23.8,59,31,530,272,34600,1970,6840,239,7810,202,1270,76.4,1960,12800,14700,42900,128,1510,3890,2.38,W21x182,21,182
,W530x248,*,1,,3,571,315,34.5,19,4.57,26.4,56,30,530,248,31400,1770,6220,238,7060,180,1140,75.7,1760,9770,13000,42200,115,1370,3510,2.36,W21x166,21,166
,W530x219,*,1,,3,560,318,29.2,18.3,5.45,27.4,51,29,530,219,27900,1510,5390,233,6110,157,986,75,1520,6420,11000,42200,98,1160,3040,2.36,W21x147,21,147
,W530x196,*,1,,3,554,316,26.3,16.5,6.01,30.4,48,29,530,196,25000,1340,4840,231,5460,139,877,74.4,1350,4700,9640,41700,86.6,1040,2710,2.34,W21x132,21,132
,W530x182,*,1,,3,551,315,24.4,15.2,6.45,33,46,28,530,182,23100,1240,4480,231,5040,127,808,74.2,1240,3740,8820,41500,79.7,963,2500,2.33,W21x122,21,122
,W530x165,*,1,,3,546,313,22.2,14,7.05,35.8,44,27,530,165,21100,1110,4060,230,4550,114,726,73.4,1110,2830,7790,41000,71.2,869,2260,2.32,W21x111,21,111
,W530x150,*,1,,3,543,312,20.3,12.7,7.68,39.6,42,27,530,150,19200,1010,3710,229,4150,103,659,73.2,1010,2160,7030,40800,64.6,794,2060,2.31,W21x101,21,101
*,W530x138,*,1,,3,549,214,23.6,14.7,4.53,34.1,40,23,530,138,17600,861,3140,221,3610,38.7,362,46.9,569,2500,2670,28100,35.5,618,1790,1.92,W21x93,21,93
,W530x123,*,1,,3,544,212,21.2,13.1,5,38.3,38,22,530,123,15700,761,2800,220,3210,33.8,319,46.4,499,1800,2310,27700,31.1,551,1590,1.91,W21x83,21,83
,W530x109,*,1,,3,539,211,18.8,11.6,5.61,43.2,36,21,530,109,13900,667,2480,219,2830,29.5,280,46.1,437,1260,2000,27400,27.2,488,1400,1.9,W21x73,21,73
,W530x101,*,1,,3,537,210,17.4,10.9,6.03,46.1,34,21,530,101,12900,617,2300,219,2620,26.9,256,45.6,400,1020,1820,27300,24.9,450,1290,1.89,W21x68,21,68
,W530x92,*,1,,3,533,209,15.6,10.2,6.7,49.2,32,20,530,92,11800,552,2070,217,2360,23.8,228,44.9,355,762,1590,27000,22,401,1160,1.88,W21x62,21,62
,W530x82,+,1,,3,528,209,13.3,9.5,7.86,52.8,30,20,530,82,10500,477,1810,213,2060,20.3,194,44,303,518,1340,26900,18.7,341,1010,1.87,W21x55,21,55
,W530x72,+,1,,3,524,207,10.9,8.9,9.5,56.4,28,20,530,72,9120,400,1520,209,1750,16.2,156,42.1,244,334,1060,26600,15,277,859,1.86,W21x48,21,48
*,W530x85,*,1,,3,535,166,16.5,10.3,5.03,48.7,33,20,530,85,10800,485,1810,212,2100,12.6,152,34.2,242,737,849,21500,14.7,333,1030,1.71,W21x57,21,57
,W530x74,*,1,,3,529,166,13.6,9.7,6.1,51.7,30,20,530,74,9520,411,1550,208,1810,10.4,125,33.1,200,480,692,21400,12.1,274,887,1.7,W21x50,21,50
,W530x66,*,1,,3,525,165,11.4,8.9,7.24,56.4,28,20,530,66,8370,351,1340,205,1560,8.57,104,32,166,320,565,21200,9.96,228,764,1.69,W21x44,21,44
*,W460x464,*,1,,3,567,305,69.6,38.6,2.19,11.1,86,35,460,464,59100,2900,10200,222,12400,331,2170,74.9,3400,73100,20500,37900,201,2310,6160,2.28,W18x311,18,311
,W460x421,*,1,,3,555,302,63.5,35.6,2.38,12,80,33,460,421,53700,2570,9250,219,11100,293,1940,73.9,3030,55700,17700,37100,178,2080,5530,2.25,W18x283,18,283
,W460x384,*,1,,3,545,299,58.4,32.5,2.56,13.2,75,31,460,384,48900,2290,8420,217,10000,261,1750,73.1,2730,42700,15500,36400,159,1890,4990,2.22,W18x258,18,258
,W460x349,*,1,,3,535,296,53.6,29.5,2.76,14.5,70,30,460,349,44400,2040,7640,214,9010,233,1570,72.3,2440,32800,13500,35600,141,1720,4490,2.2,W18x234,18,234
,W460x315,*,1,,3,525,293,48.5,26.9,3.02,15.9,65,29,460,315,40000,1800,6850,212,8020,204,1390,71.4,2160,24300,11600,34900,124,1540,4000,2.17,W18x211,18,211
,W460x286,*,1,,3,517,291,44.4,24.4,3.28,17.5,61,27,460,286,36400,1610,6230,210,7240,183,1260,70.9,1940,18600,10200,34400,111,1400,3610,2.15,W18x192,18,192
,W460x260,*,1,,3,509,289,40.4,22.6,3.58,18.9,62,32,460,260,33100,1440,5650,208,6530,163,1130,70.1,1740,14100,8950,33900,98.8,1260,3250,2.13,W18x175,18,175
,W460x235,*,1,,3,501,287,36.6,20.6,3.92,20.8,58,31,460,235,29900,1270,5080,206,5840,145,1010,69.5,1550,10500,7790,33300,87.5,1130,2910,2.11,W18x158,18,158
,W460x213,*,1,,3,495,285,33.5,18.5,4.25,23.1,55,30,460,213,27100,1140,4620,205,5270,129,909,69.1,1400,7970,6890,32900,78.5,1030,2630,2.09,W18x143,18,143
,W460x193,*,1,,3,489,283,30.5,17,4.64,25.2,52,29,460,193,24600,1020,4190,204,4750,115,816,68.5,1250,6030,6060,32400,70,930,2370,2.08,W18x130,18,130
,W460x177,*,1,,3,482,286,26.9,16.6,5.32,25.8,49,29,460,177,22600,910,3780,201,4280,105,735,68.2,1130,4410,5440,32500,62.6,825,2130,2.07,W18x119,18,119
,W460x158,*,1,,3,476,284,23.9,15,5.94,28.5,46,28,460,158,20100,796,3350,199,3780,91.4,643,67.4,989,3120,4670,32100,54.5,727,1880,2.06,W18x106,18,106
,W460x144,*,1,,3,472,283,22.1,13.6,6.4,31.5,44,27,460,144,18400,726,3080,199,3450,83.6,591,67.4,906,2440,4230,31800,49.8,670,1720,2.05,W18x97,18,97
,W460x128,*,1,,3,467,282,19.6,12.2,7.19,35.1,41,26,460,128,16400,637,2730,197,3050,73.3,520,66.9,796,1720,3670,31500,43.6,591,1520,2.04,W18x86,18,86
,W460x113,*,1,,3,463,280,17.3,10.8,8.09,39.7,39,26,460,113,14400,556,2400,196,2670,63.3,452,66.3,691,1180,3150,31200,37.8,519,1330,2.02,W18x76,18,76
*,W460x106,*,1,,3,469,194,20.6,12.6,4.71,34,37,22,460,106,13500,488,2080,190,2390,25.1,259,43.2,405,1460,1260,21700,21.7,419,1180,1.69,W18x71,18,71
,W460x97,*,1,,3,466,193,19,11.4,5.08,37.5,36,21,460,97,12300,445,1910,190,2180,22.8,237,43.1,368,1130,1140,21600,19.8,386,1080,1.68,W18x65,18,65
,W460x89,*,1,,3,463,192,17.7,10.5,5.42,40.7,34,20,460,89,11400,410,1770,190,2010,20.9,218,42.9,339,907,1040,21400,18.2,358,997,1.67,W18x60,18,60
,W460x82,*,1,,3,460,191,16,9.9,5.97,43.2,33,20,460,82,10400,370,1610,188,1830,18.6,195,42.2,303,691,918,21200,16.2,322,905,1.66,W18x55,18,55
,W460x74,*,1,,3,457,190,14.5,9,6.55,47.6,31,20,460,74,9450,333,1460,188,1650,16.6,175,41.9,271,517,813,21000,14.5,290,816,1.66,W18x50,18,50
,W460x67,+,1,,3,454,190,12.7,8.5,7.48,50.4,29,19,460,67,8560,295,1300,186,1470,14.5,153,41.2,238,372,708,21000,12.6,254,728,1.65,W18x45,18,45
,W460x61,+,1,,3,450,189,10.8,8.1,8.75,52.9,28,19,460,61,7640,254,1130,182,1290,12.2,129,39.9,200,256,587,20800,10.6,215,634,1.64,W18x41,18,41
*,W460x68,*,1,,3,459,154,15.4,9.1,5,47.1,32,20,460,68,8730,297,1290,184,1490,9.41,122,32.8,192,509,463,17100,10.1,247,735,1.52,W18x46,18,46
,W460x60,*,1,,3,455,153,13.3,8,5.75,53.6,30,19,460,60,7590,255,1120,183,1280,7.96,104,32.4,163,335,388,16900,8.59,213,633,1.51,W18x40,18,40
,W460x52,*,1,,3,450,152,10.8,7.6,7.04,56.4,28,19,460,52,6630,212,943,179,1090,6.34,83.4,30.9,131,210,306,16700,6.85,171,535,1.49,W18x35,18,35
*,W410x149,*,1,,3,431,265,25,14.9,5.3,25.6,47,28,410,149,19200,625,2900,180,3280,77.7,586,63.6,902,3420,3200,26900,44.5,635,1620,1.89,W16x100,16,100
,W410x132,*,1,,3,425,263,22.2,13.3,5.92,28.6,44,27,410,132,17000,545,2560,179,2890,67.4,513,62.9,788,2410,2730,26500,38.7,558,1420,1.88,W16x89,16,89
,W410x114,*,1,,3,420,261,19.3,11.6,6.76,32.9,41,26,410,114,14800,468,2230,178,2490,57.3,439,62.3,673,1610,2300,26100,32.9,482,1220,1.86,W16x77,16,77
,W410x100,*,1,,3,415,260,16.9,10,7.69,38.1,39,25,410,100,12900,404,1950,177,2160,49.6,381,62,583,1090,1960,25900,28.4,420,1060,1.85,W16x67,16,67
*,W410x85,*,1,,3,417,181,18.2,10.9,4.97,34.9,35,21,410,85,10800,315,1510,171,1730,18,199,40.8,310,926,717,18000,14.9,309,854,1.54,W16x57,16,57
,W410x74,*,1,,3,413,180,16,9.7,5.63,39.3,33,20,410,74,9550,275,1330,170,1510,15.6,173,40.4,269,637,614,17900,12.9,270,748,1.53,W16x50,16,50
,W410x67,*,1,,3,410,179,14.4,8.8,6.22,43.3,31,20,410,67,8600,246,1200,169,1360,13.8,154,40,239,469,540,17700,11.4,242,670,1.52,W16x45,16,45
,W410x60,*,1,,3,407,178,12.8,7.7,6.95,49.5,30,19,410,60,7580,216,1060,169,1190,12,135,39.9,209,328,468,17500,9.99,215,589,1.51,W16x40,16,40
,W410x54,*,1,,3,403,177,10.9,7.5,8.12,50.8,28,19,410,54,6810,186,924,165,1050,10.1,114,38.5,177,226,388,17400,8.37,181,514,1.5,W16x36,16,36
*,W410x46,*,1,,3,403,140,11.2,7,6.25,54.4,28,19,410,46,5890,156,773,163,885,5.14,73.4,29.5,115,192,197,13700,5.38,146,434,1.35,W16x31,16,31
,W410x39,*,1,,3,399,140,8.8,6.4,7.95,59.6,26,18,410,39,4990,127,634,159,730,4.04,57.7,28.4,90.6,111,154,13700,4.21,115,357,1.35,W16x26,16,26
*,W360x1086,*,1,,1,569,454,125,78,1.82,4.09,157,69,360,1086,139000,5960,20900,207,27200,1960,8650,119,13400,605000,96700,50400,715,5220,13600,2.8,W14x730,14,730
,W360x990,*,1,,1,550,448,115,71.9,1.95,4.45,147,66,360,990,126000,5190,18900,203,24300,1730,7740,117,12000,469000,82000,48700,628,4700,12100,2.75,W14x665,14,665
,W360x900,*,1,,1,531,442,106,65.9,2.08,4.84,138,63,360,900,115000,4500,17000,198,21600,1530,6940,116,10700,364000,69200,47000,550,4240,10800,2.7,W14x605,14,605
,W360x818,*,1,,1,514,437,97,60.5,2.25,5.29,129,60,360,818,104000,3920,15300,194,19300,1360,6200,114,9560,279000,58900,45600,483,3810,9610,2.66,W14x550,14,550
,W360x744,*,1,,1,498,432,88.9,55.6,2.43,5.76,120,58,360,744,94800,3420,13700,190,17200,1200,5550,112,8550,214000,50200,44200,424,3420,8570,2.61,W14x500,14,500
,W360x677,*,1,,1,483,428,81.5,51.2,2.63,6.25,113,56,360,677,86300,2990,12400,186,15300,1070,4990,111,7680,165000,43100,43000,375,3080,7660,2.58,W14x455,14,455
*,W360x634,*,1,,1,474,424,77.1,47.6,2.75,6.72,109,54,360,634,80800,2740,11600,184,14200,983,4630,110,7120,138000,38700,42100,344,2880,7100,2.55,W14x426,14,426
,W360x592,*,1,,1,465,421,72.3,45,2.91,7.12,104,53,360,592,75500,2500,10800,182,13100,902,4280,109,6570,114000,34800,41300,315,2670,6550,2.52,W14x398,14,398
,W360x551,*,1,,1,455,418,67.6,42,3.09,7.61,99,51,360,551,70100,2260,9940,180,12100,825,3950,108,6050,92500,31000,40500,286,2460,6010,2.5,W14x370,14,370
,W360x509,*,1,,1,446,416,62.7,39.1,3.32,8.2,94,50,360,509,64900,2050,9170,178,11000,754,3630,108,5550,74000,27700,39900,260,2260,5500,2.48,W14x342,14,342
,W360x463,*,1,,1,435,412,57.4,35.8,3.59,8.94,89,48,360,463,59000,1800,8280,175,9880,670,3250,107,4980,56500,23900,38900,230,2040,4920,2.45,W14x311,14,311
,W360x421,*,1,,1,425,409,52.6,32.8,3.89,9.75,84,46,360,421,53700,1600,7510,172,8880,601,2940,106,4490,43400,20800,38100,205,1840,4430,2.42,W14x283,14,283
,W360x382,*,1,,1,416,406,48,29.8,4.23,10.7,80,45,360,382,48700,1410,6790,170,7970,536,2640,105,4030,32900,18200,37400,182,1660,3970,2.4,W14x257,14,257
,W360x347,*,1,,1,407,404,43.7,27.2,4.62,11.8,75,44,360,347,44200,1250,6140,168,7140,481,2380,104,3630,24800,15900,36700,162,1500,3550,2.38,W14x233,14,233
,W360x314,*,1,,1,399,401,39.6,24.9,5.06,12.8,71,42,360,314,39900,1100,5530,166,6370,426,2120,103,3240,18500,13800,36000,143,1340,3170,2.35,W14x211,14,211
,W360x287,*,1,,1,393,399,36.6,22.6,5.45,14.2,68,41,360,287,36600,997,5070,165,5810,388,1940,103,2960,14500,12300,35600,130,1230,2890,2.34,W14x193,14,193
,W360x262,*,1,,1,387,398,33.3,21.1,5.98,15.2,65,41,360,262,33500,894,4620,163,5260,350,1760,102,2680,11100,11000,35200,117,1110,2610,2.32,W14x176,14,176
,W360x237,*,1,,1,380,395,30.2,18.9,6.54,16.9,62,39,360,237,30100,788,4150,162,4690,310,1570,102,2390,8190,9500,34500,103,993,2330,2.3,W14x159,14,159
,W360x216,*,1,,1,375,394,27.7,17.3,7.11,18.5,59,39,360,216,27600,712,3790,161,4260,283,1430,101,2180,6330,8520,34200,93.3,906,2120,2.29,W14x145,14,145
*,W360x196,*,1,,1,372,374,26.2,16.4,7.14,19.5,58,38,360,196,25000,636,3420,159,3840,229,1220,95.5,1860,5140,6830,32300,79.2,810,1900,2.21,W14x132,14,132
,W360x179,*,1,,1,368,373,23.9,15,7.8,21.3,55,38,360,179,22800,575,3120,159,3480,207,1110,95.2,1680,3910,6120,32100,71.5,736,1730,2.2,W14x120,14,120
,W360x162,*,1,,2,364,371,21.8,13.3,8.51,24.1,53,37,360,162,20600,516,2830,158,3140,186,1000,94.8,1520,2940,5430,31700,64.2,667,1550,2.19,W14x109,14,109
,W360x147,*,1,,2,360,370,19.8,12.3,9.34,26,51,36,360,147,18800,463,2570,157,2840,167,904,94.3,1370,2230,4840,31500,57.6,602,1400,2.18,W14x99,14,99
,W360x134,*,1,,2,356,369,18,11.2,10.3,28.6,50,36,360,134,17100,415,2330,156,2560,151,817,94,1240,1680,4310,31200,51.8,544,1270,2.17,W14x90,14,90
*,W360x122,*,1,,2,363,257,21.7,13,5.92,24.6,44,27,360,122,15500,365,2010,154,2270,61.5,478,63,732,2110,1790,21900,30.6,452,1120,1.73,W14x82,14,82
,W360x110,*,1,,2,360,256,19.9,11.4,6.43,28.1,42,26,360,110,14000,331,1840,154,2060,55.7,435,63,664,1600,1610,21800,27.7,414,1010,1.72,W14x74,14,74
,W360x101,*,1,,2,357,255,18.3,10.5,6.97,30.5,40,26,360,101,12900,301,1690,153,1880,50.6,397,62.7,605,1250,1450,21600,25.2,379,925,1.71,W14x68,14,68
,W360x91,*,1,,2,353,254,16.4,9.5,7.74,33.7,38,25,360,91,11600,267,1510,152,1680,44.8,353,62.3,538,914,1270,21400,22.3,337,823,1.7,W14x61,14,61
*,W360x79,*,1,,2,354,205,16.8,9.4,6.1,34.1,39,25,360,79,10100,226,1280,150,1430,24.2,236,48.9,362,811,687,17300,14.9,277,701,1.51,W14x53,14,53
,W360x72,*,1,,2,350,204,15.1,8.6,6.75,37.2,37,25,360,72,9100,201,1150,149,1280,21.4,210,48.5,322,601,600,17100,13.2,247,626,1.5,W14x48,14,48
,W360x64,*,1,,2,347,203,13.5,7.7,7.52,41.6,35,24,360,64,8140,178,1030,148,1140,18.8,186,48.1,284,436,524,16900,11.6,220,556,1.49,W14x43,14,43
*,W360x57,*,1,,3,358,172,13.1,7.9,6.56,42,30,19,360,57,7220,161,897,149,1010,11.1,129,39.3,200,334,331,14800,8.35,185,497,1.39,W14x38,14,38
,W360x51,*,1,,3,355,171,11.6,7.2,7.37,46.1,28,19,360,51,6450,141,796,148,894,9.68,113,38.8,174,238,285,14700,7.28,163,440,1.38,W14x34,14,34
,W360x45,*,1,,3,352,171,9.8,6.9,8.72,48.2,27,19,360,45,5730,122,691,146,779,8.18,95.7,37.8,148,160,239,14600,6.13,138,382,1.37,W14x30,14,30
*,W360x39,*,1,,3,353,128,10.7,6.5,5.98,51,27,18,360,39,4980,102,580,143,662,3.75,58.6,27.4,91.7,151,110,11000,3.75,111,324,1.21,W14x26,14,26
,W360x33,*,1,,3,349,127,8.5,5.8,7.47,57.2,25,18,360,33,4170,82.7,474,141,542,2.91,45.8,26.4,71.8,85.9,84.3,10800,2.92,87.7,264,1.19,W14x22,14,22
*,W310x500,*,1,,1,427,340,75.1,45.1,2.26,6.14,97,43,310,500,63800,1690,7910,163,9880,494,2910,88,4490,101000,15300,29900,191,1950,4920,2.12,W12x336,12,336
,W310x454,*,1,,1,415,336,68.7,41.3,2.45,6.72,91,41,310,454,57800,1480,7130,160,8820,436,2600,86.8,4000,77200,13100,29100,168,1750,4390,2.09,W12x305,12,305
,W310x415,*,1,,1,403,334,62.7,38.9,2.66,7.14,85,40,310,415,52900,1300,6450,157,7900,391,2340,86,3610,59500,11300,28400,149,1570,3940,2.06,W12x279,12,279
,W310x375,*,1,,1,391,330,57.2,35.4,2.88,7.81,79,38,310,375,47700,1130,5770,154,7000,344,2080,84.8,3210,44900,9570,27500,130,1410,3490,2.03,W12x252,12,252
,W310x342,*,1,,1,382,328,52.6,32.6,3.12,8.49,74,37,310,342,43700,1010,5260,152,6330,310,1890,84.2,2910,34900,8420,27000,117,1280,3150,2.01,W12x230,12,230
,W310x313,*,1,,1,374,325,48.3,30,3.36,9.25,70,35,310,313,39900,896,4790,150,5720,277,1700,83.3,2620,27000,7350,26500,104,1160,2840,1.99,W12x210,12,210
*,W310x283,*,1,,1,365,322,44.1,26.9,3.65,10.3,66,34,310,283,36000,787,4310,148,5100,246,1530,82.6,2340,20400,6330,25800,91.7,1040,2540,1.96,W12x190,12,190
,W310x253,*,1,,1,356,319,39.6,24.4,4.03,11.3,61,33,310,253,32200,682,3830,146,4490,215,1350,81.6,2060,14800,5370,25200,79.7,923,2230,1.94,W12x170,12,170
,W310x226,*,1,,1,348,317,35.6,22.1,4.45,12.5,57,31,310,226,28900,596,3420,144,3980,189,1190,81,1830,10800,4620,24800,69.8,820,1970,1.92,W12x152,12,152
,W310x202,*,1,,1,341,315,31.8,20.1,4.95,13.8,54,30,310,202,25800,520,3050,142,3510,166,1050,80.2,1610,7740,3960,24300,61,725,1740,1.9,W12x136,12,136
,W310x179,*,1,,1,333,313,28.1,18,5.57,15.4,50,29,310,179,22800,445,2680,140,3050,144,919,79.5,1400,5380,3340,23900,52.5,632,1510,1.88,W12x120,12,120
,W310x158,*,1,,1,327,310,25.1,15.5,6.18,17.9,47,28,310,158,20100,386,2360,139,2670,125,805,78.9,1220,3780,2840,23400,45.5,558,1320,1.86,W12x106,12,106
,W310x143,*,1,,1,323,309,22.9,14,6.75,19.8,45,27,310,143,18200,348,2150,138,2420,113,729,78.6,1110,2870,2540,23200,41,507,1200,1.85,W12x96,12,96
,W310x129,*,1,,2,318,308,20.6,13.1,7.48,21.1,42,27,310,129,16500,308,1940,137,2160,100,652,78,991,2130,2220,22900,36.3,452,1070,1.84,W12x87,12,87
,W310x118,*,1,,2,314,307,18.7,11.9,8.21,23.2,41,26,310,118,15000,275,1750,136,1950,90.2,588,77.6,893,1600,1970,22700,32.5,407,961,1.83,W12x79,12,79
,W310x107,*,1,,2,311,306,17,10.9,9,25.4,39,26,310,107,13600,248,1590,135,1770,81.2,531,77.2,806,1220,1760,22500,29.2,369,869,1.82,W12x72,12,72
,W310x97,*,1,,2,308,305,15.4,9.9,9.9,28,37,25,310,97,12300,222,1440,134,1590,72.9,478,76.9,725,912,1560,22300,26.2,332,782,1.82,W12x65,12,65
*,W310x86,*,1,,2,310,254,16.3,9.1,7.79,30.5,36,23,310,86,11000,199,1280,134,1420,44.5,351,63.6,533,877,961,18600,19.3,293,696,1.62,W12x58,12,58
,W310x79,*,1,,2,306,254,14.6,8.8,8.7,31.5,34,22,310,79,10100,177,1160,133,1280,39.9,314,63,478,657,847,18500,17.2,261,625,1.61,W12x53,12,53
*,W310x74,*,1,,2,310,205,16.3,9.4,6.29,29.5,36,23,310,74,9430,164,1060,132,1180,23.4,229,49.9,350,718,505,15100,12.6,234,581,1.42,W12x50,12,50
,W310x67,*,1,,2,306,204,14.6,8.5,6.99,32.6,34,22,310,67,8450,144,942,131,1050,20.7,203,49.5,310,522,439,14900,11.1,208,515,1.41,W12x45,12,45
,W310x60,*,1,,2,303,203,13.1,7.5,7.75,36.9,33,22,310,60,7530,128,842,130,933,18.3,180,49.3,275,378,384,14700,9.78,186,457,1.4,W12x40,12,40
*,W310x52,*,1,,3,318,167,13.2,7.6,6.33,38.4,30,19,310,52,6670,119,750,134,841,10.3,123,39.2,189,308,238,12700,7.01,160,417,1.29,W12x35,12,35
,W310x45,*,1,,3,313,166,11.2,6.6,7.41,44,28,19,310,45,5690,99.2,634,132,708,8.55,103,38.8,158,191,195,12500,5.82,135,350,1.28,W12x30,12,30
,W310x39,*,1,,3,310,165,9.7,5.8,8.51,50.1,26,18,310,39,4940,85.1,549,131,610,7.27,88.1,38.4,135,126,164,12400,4.96,116,302,1.27,W12x26,12,26
,W310x31,+,1,,3,306,164,7.4,5,11.1,58.2,24,18,310,31,3930,65.4,428,129,476,5.44,66.4,37.2,102,61.3,121,12200,3.71,87.8,234,1.26,W12x21,12,21
*,W310x33,*,1,,3,313,102,10.8,6.6,4.72,44.2,23,14,310,33,4180,65,415,125,480,1.92,37.6,21.4,59.6,122,43.8,7710,2.12,77.8,237,1.02,W12x22,12,22
,W310x28,*,1,,3,309,102,8.9,6,5.73,48.5,22,14,310,28,3610,54.3,351,123,407,1.58,31,20.9,49.2,75.7,35.6,7650,1.74,64.1,200,1.01,W12x19,12,19
,W310x24,*,1,,3,305,101,6.7,5.6,7.54,52.1,19,14,310,24,3040,42.7,280,119,328,1.16,22.9,19.5,36.7,42.5,25.7,7530,1.27,47.7,160,1,W12x16,12,16
,W310x21,*,1,,3,303,101,5.7,5.1,8.86,57.2,18,14,310,21,2690,37,244,117,287,0.983,19.5,19.1,31.2,29.4,21.7,7510,1.08,40.6,140,1,W12x14,12,14
*,W250x167,*,1,,1,289,265,31.8,19.2,4.17,11.7,49,25,250,167,21300,300,2080,119,2430,98.8,746,68.1,1140,6310,1630,17000,35.9,503,1210,1.6,W10x112,10,112
,W250x149,*,1,,1,282,263,28.4,17.3,4.63,13,45,24,250,149,19000,259,1840,117,2130,86.2,656,67.4,1000,4510,1390,16700,31.1,442,1060,1.58,W10x100,10,100
,W250x131,*,1,,1,275,261,25.1,15.4,5.2,14.6,42,23,250,131,16700,221,1610,115,1850,74.5,571,66.8,870,3120,1160,16300,26.7,385,916,1.56,W10x88,10,88
,W250x115,*,1,,1,269,259,22.1,13.5,5.86,16.7,39,22,250,115,14600,189,1410,114,1600,64.1,495,66.2,753,2130,976,16000,22.9,335,792,1.55,W10x77,10,77
,W250x101,*,1,,2,264,257,19.6,11.9,6.56,18.9,36,21,250,101,12900,164,1240,113,1400,55.5,432,65.6,656,1490,829,15700,19.8,294,691,1.53,W10x68,10,68
,W250x89,*,1,,2,260,256,17.3,10.7,7.4,21.1,34,21,250,89,11400,143,1100,112,1230,48.4,378,65.1,574,1040,713,15500,17.2,257,605,1.52,W10x60,10,60
,W250x80,*,1,,2,256,255,15.6,9.4,8.17,23.9,32,20,250,80,10200,126,982,111,1090,43.1,338,65,513,757,623,15300,15.2,230,538,1.51,W10x54,10,54
,W250x73,*,1,,2,253,254,14.2,8.6,8.94,26.1,31,20,250,73,9280,113,891,110,985,38.8,306,64.6,463,575,553,15200,13.7,208,485,1.5,W10x49,10,49
*,W250x67,*,1,,2,257,204,15.7,8.9,6.5,25.3,32,20,250,67,8550,104,806,110,901,22.2,218,51,332,625,324,12300,9.85,185,443,1.31,W10x45,10,45
,W250x58,*,1,,2,252,203,13.5,8,7.52,28.1,30,19,250,58,7420,87.3,693,108,770,18.8,186,50.4,283,409,268,12100,8.29,157,377,1.3,W10x39,10,39
,W250x49,*,1,,2,247,202,11,7.4,9.18,30.4,28,19,250,49,6250,70.6,572,106,633,15.1,150,49.2,228,241,211,11900,6.62,126,309,1.29,W10x33,10,33
*,W250x45,*,1,,3,266,148,13,7.6,5.69,31.6,27,17,250,45,5720,71.1,534,111,602,7.03,95.1,35.1,146,261,113,9360,4.5,115,298,1.11,W10x30,10,30
,W250x39,*,1,,3,262,147,11.2,6.6,6.56,36.3,25,16,250,39,4920,60.1,459,110,513,5.94,80.8,34.7,124,169,93.4,9220,3.79,98.6,254,1.1,W10x26,10,26
,W250x33,*,1,,3,258,146,9.1,6.1,8.02,39.3,23,16,250,33,4170,48.9,379,108,424,4.73,64.7,33.7,99.5,98.5,73.2,9080,3.02,79.2,209,1.09,W10x22,10,22
,W250x24,+,1,,3,253,145,6.4,5,11.3,48,21,15,250,24,3110,34.7,274,106,307,3.26,44.9,32.4,69,39.7,49.5,8940,2.07,55.2,150,1.08,W10x16,10,16
*,W250x28,*,1,,3,260,102,10,6.4,5.1,37.5,23,14,250,28,3630,40,307,105,353,1.78,34.8,22.1,54.7,96.7,27.7,6380,1.63,59.8,174,0.915,W10x19,10,19
,W250x25,*,1,,3,257,102,8.4,6.1,6.07,39.4,21,14,250,25,3230,34.2,266,103,307,1.49,29.2,21.5,46.2,65.2,23,6340,1.36,50.1,150,0.91,W10x17,10,17
,W250x22,*,1,,3,254,102,6.9,5.8,7.39,41.4,20,14,250,22,2850,28.9,227,101,263,1.23,24,20.7,38.1,43.4,18.7,6300,1.11,41,129,0.904,W10x15,10,15
,W250x18,*,1,,3,251,101,5.3,4.8,9.53,50.1,18,14,250,18,2270,22.4,179,99.3,207,0.913,18.1,20,28.6,22.4,13.8,6200,0.83,31.3,100,0.896,W10x12,10,12
*,W200x100,*,1,,2,229,210,23.7,14.5,4.43,12.5,40,22,200,100,12700,113,989,94.5,1150,36.6,349,53.8,533,2090,386,10800,13.4,238,571,1.27,W8x67,8,67
,W200x86,*,1,,2,222,209,20.6,13,5.07,13.9,37,22,200,86,11000,94.7,853,92.6,981,31.4,300,53.3,458,1390,318,10500,11.3,203,487,1.25,W8x58,8,58
,W200x71,*,1,,2,216,206,17.4,10.2,5.92,17.8,34,20,200,71,9100,76.6,709,91.7,803,25.4,246,52.8,375,817,250,10200,9.17,169,398,1.24,W8x48,8,48
,W200x59,*,1,,2,210,205,14.2,9.1,7.22,20,31,20,200,59,7560,61.1,582,89.9,653,20.4,199,52,303,463,196,10000,7.3,136,323,1.22,W8x40,8,40
,W200x52,*,1,,2,206,204,12.6,7.9,8.1,22.9,29,19,200,52,6650,52.7,512,89,569,17.8,175,51.8,266,323,167,9860,6.34,119,281,1.21,W8x35,8,35
,W200x46,*,1,,2,203,203,11,7.2,9.23,25.1,28,19,200,46,5860,45.4,448,88.1,495,15.3,151,51.2,229,220,141,9740,5.44,103,244,1.2,W8x31,8,31
*,W200x42,*,1,,2,205,166,11.8,7.2,7.03,25.2,24,15,200,42,5310,40.9,399,87.7,445,9,108,41.2,165,222,84,8020,3.93,90.5,219,1.06,W8x28,8,28
,W200x36,*,1,,2,201,165,10.2,6.2,8.09,29.1,23,14,200,36,4570,34.4,342,86.7,379,7.64,92.6,40.9,141,145,69.6,7870,3.31,77.3,186,1.05,W8x24,8,24
*,W200x31,*,1,,2,210,134,10.2,6.4,6.57,29.6,22,13,200,31,4000,31.4,299,88.6,335,4.1,61.1,32,93.8,119,40.9,6690,2.29,65,165,0.943,W8x21,8,21
,W200x27,*,1,,2,207,133,8.4,5.8,7.92,32.8,20,13,200,27,3390,25.8,249,87.3,279,3.3,49.6,31.2,76.1,71.3,32.5,6600,1.84,53.1,137,0.934,W8x18,8,18
,W200x21,+,1,,3,203,133,6.4,5,10.4,38,18,13,200,21,2700,19.8,195,85.5,217,2.51,37.8,30.5,58,35.6,24.3,6540,1.39,40.3,106,0.928,W8x14,8,14
*,W200x22,*,1,,3,206,102,8,6.2,6.38,30.6,20,13,200,22,2860,20,194,83.6,222,1.42,27.8,22.3,43.7,56.6,13.9,5050,1.03,37.9,109,0.808,W8x15,8,15
,W200x19,*,1,,3,203,102,6.5,5.8,7.85,32.8,18,13,200,19,2480,16.6,163,81.7,187,1.15,22.6,21.6,35.6,36.2,11.1,5010,0.831,30.7,91.3,0.802,W8x13,8,13
,W200x15,*,1,,3,200,100,5.2,4.3,9.62,44.1,17,12,200,15,1900,12.7,127,81.8,145,0.869,17.4,21.4,27.1,17.6,8.24,4870,0.633,24.2,70,0.791,W8x10,8,10
*,W150x37,*,1,,2,162,154,11.6,8.1,6.64,17.1,23,14,150,37,4750,22.3,275,68.5,311,7.07,91.8,38.6,140,197,40,5790,2.59,63.6,154,0.924,W6x25,6,25
,W150x30,*,1,,2,157,153,9.3,6.6,8.23,21,21,13,150,30,3810,17.2,219,67.2,245,5.56,72.6,38.2,111,103,30.3,5650,2.01,50.3,121,0.913,W6x20,6,20
,W150x22,*,1,,2,152,152,6.6,5.8,11.5,23.9,18,13,150,22,2860,12.1,160,65.1,177,3.87,50.9,36.8,77.6,43.4,20.4,5530,1.39,35.1,86.9,0.9,W6x15,6,15
*,W150x24,*,1,,2,160,102,10.3,6.6,4.95,21.1,22,13,150,24,3060,13.4,168,66.3,192,1.83,35.8,24.4,55.3,93.1,10.2,3820,1,36.8,94.7,0.715,W6x16,6,16
,W150x18,*,1,,2,153,102,7.1,5.8,7.18,23.9,19,13,150,18,2290,9.17,120,63.3,136,1.26,24.7,23.5,38.3,37.4,6.7,3720,0.674,24.9,66.8,0.702,W6x12,6,12
,W150x14,*,1,,2,150,100,5.5,4.3,9.09,32.3,17,12,150,14,1730,6.87,91.6,63,103,0.918,18.4,23,28.3,17.1,4.79,3610,0.497,19,50.1,0.691,W6x9,6,9
,W150x13,*,1,,2,148,100,4.9,4.3,10.2,32.1,16,12,150,13,1610,6.13,82.8,61.7,93,0.818,16.4,22.5,25.3,13.6,4.19,3580,0.438,16.8,45.3,0.687,W6x8.5,6,8.5
*,W130x28,*,1,,1,131,128,10.9,6.9,5.87,15.8,20,11,130,28,3590,11,168,55.3,191,3.81,59.6,32.6,90.8,131,13.8,3840,1.34,39.6,94.1,0.76,W5x19,5,19
,W130x24,*,1,,1,127,127,9.1,6.1,6.98,17.8,18,11,130,24,3020,8.84,139,54.1,157,3.11,49,32.1,74.6,79.1,10.8,3740,1.08,32.4,77.2,0.75,W5x16,5,16
*,W100x19,*,1,,1,106,103,8.8,7.1,5.85,12.5,18,12,100,19,2480,4.77,89.9,43.9,103,1.61,31.2,25.5,48,63.6,3.79,2500,0.567,20.5,51,0.61,W4x13,4,13
,,,,,,,,,,,,,,,,,,,,,,,,,,,,,,,,,,
,W-shapes highlighted in yellow are commonly used sizes and are generally readily available.,,,,,,,,,,,,,,,,,,,,,,,,,,,,,,,,,
